row_id,order_id,order_date,ship_date,ship_mode,customer_id,customer_name,segment,country,city,region,product_id,category,sub_category,product_name,unit_price,quantity,discount,total_amount,discount_amount,net_amount,shipping_days,order_year,order_month,value_band
114,IN-2023-100114,2023-06-22,2023-06-23,Standard Class,CU-1024,Ishan Grant,Home Office,United States,Dallas,Central,FUR-TA-2054,Furniture,Tables,Tables Model 894,422.5,12,0.3,5070.0,1521.0,3549.0,1,2023,2023-06,Premium
81,IN-2023-100081,2023-11-03,2023-11-04,Standard Class,CU-1081,Aaron Nair,Corporate,United States,San Francisco,West,OFF-PA-2021,Office Supplies,Paper,Paper Model 483,600.69,4,0.15,2402.76,360.41,2042.35,1,2023,2023-11,High
239,IN-2023-100239,2023-12-18,2023-12-24,Standard Class,CU-1059,Manav Sharma,Consumer,United States,Boston,East,TEC-CO-2059,Technology,Copiers,Copiers Model 116,153.46,3,0.1,460.38,46.04,414.34,6,2023,2023-12,Medium
143,IN-2024-100143,2024-10-27,2024-10-30,Standard Class,CU-1053,Divya Mehta,Home Office,United States,Dallas,Central,OFF-ST-2023,Office Supplies,Storage,Storage Model 611,623.71,9,0.0,5613.39,0.0,5613.39,3,2024,2024-10,Premium
7,IN-2023-100007,2023-02-27,2023-03-01,First Class,CU-1007,Nisha Sharma,Corporate,United States,Newark,East,TEC-AC-2007,Technology,Accessories,Accessories Model 167,257.12,10,0.2,2571.2,514.24,2056.96,2,2023,2023-02,High
1,IN-2023-100001,2023-09-08,2023-09-10,Standard Class,CU-1001,Chris Verma,Home Office,United States,Los Angeles,West,FUR-TA-2001,Furniture,Tables,Tables Model 704,509.2,1,0.0,509.2,0.0,509.2,2,2023,2023-09,Medium
259,IN-2024-100259,2024-02-24,2024-02-25,First Class,CU-1079,Divya Sullivan,Home Office,United States,New York City,East,FUR-BO-2019,Furniture,Bookcases,Bookcases Model 443,6.75,11,0.1,74.25,7.43,66.82,1,2024,2024-02,Low
103,IN-2024-100103,2024-08-23,2024-08-28,Standard Class,CU-1013,Ishan Nair,Corporate,United States,Houston,Central,FUR-BO-2043,Furniture,Bookcases,Bookcases Model 994,800.08,7,0.3,5600.56,1680.17,3920.39,5,2024,2024-08,Premium
205,IN-2023-100205,2023-06-16,2023-06-21,Same Day,CU-1025,Divya Patel,Home Office,United States,Richmond,South,FUR-TA-2025,Furniture,Tables,Tables Model 493,907.95,3,0.3,2723.85,817.16,1906.69,5,2023,2023-06,High
57,IN-2023-100057,2023-09-04,2023-09-10,Same Day,CU-1057,Hina Grant,Corporate,United States,Unknown,South,OFF-AP-2057,Office Supplies,Appliances,Appliances Model 195,356.61,7,0.2,2496.27,499.25,1997.02,6,2023,2023-09,High
149,IN-2023-100149,2023-11-08,2023-11-10,Second Class,CU-1059,Chris Nair,Corporate,United States,San Francisco,West,FUR-CH-2029,Furniture,Chairs,Chairs Model 966,99.24,4,0.2,396.96,79.39,317.57,2,2023,2023-11,Medium
246,IN-2024-100246,2024-10-22,2024-10-23,First Class,CU-1066,Divya Sullivan,Home Office,United States,Unknown,East,FUR-TA-2006,Furniture,Tables,Tables Model 968,1017.25,5,0.0,5086.25,0.0,5086.25,1,2024,2024-10,Premium
139,IN-2024-100139,2024-07-12,2024-07-15,Standard Class,CU-1049,Farah Mehta,Corporate,United States,Richmond,South,TEC-MA-2019,Technology,Machines,Machines Model 413,537.87,12,0.1,6454.44,645.44,5809.0,3,2024,2024-07,Premium
115,IN-2023-100115,2023-05-30,2023-06-02,Second Class,CU-1025,Divya Coleman,Home Office,United States,Unknown,East,FUR-BO-2055,Furniture,Bookcases,Bookcases Model 281,1141.79,11,0.1,12559.69,1255.97,11303.72,3,2023,2023-05,Premium
120,IN-2023-100120,2023-10-17,2023-10-21,Standard Class,CU-1030,Gopal Nair,Home Office,United States,Newark,East,OFF-ST-2000,Office Supplies,Storage,Storage Model 167,398.98,9,0.2,3590.82,718.16,2872.66,4,2023,2023-10,Premium
89,IN-2024-100089,2024-11-23,2024-11-29,First Class,CU-1089,Karan Rossi,Consumer,United States,Phoenix,West,FUR-CH-2029,Furniture,Chairs,Chairs Model 114,600.69,2,0.1,1201.38,120.14,1081.24,6,2024,2024-11,High
171,IN-2023-100171,2023-10-22,2023-10-25,Standard Class,CU-1081,Ethan Grant,Consumer,United States,Atlanta,South,OFF-PA-2051,Office Supplies,Paper,Paper Model 647,887.73,1,0.0,887.73,0.0,887.73,3,2023,2023-10,Medium
148,IN-2024-100148,2024-04-05,2024-04-09,First Class,CU-1058,Karan Sullivan,Consumer,United States,Philadelphia,East,OFF-BI-2028,Office Supplies,Binders,Binders Model 886,1159.69,7,0.15,8117.83,1217.67,6900.16,4,2024,2024-04,Premium
200,IN-2024-100200,2024-06-26,2024-07-02,First Class,CU-1020,Ethan Sullivan,Consumer,United States,Jacksonville,South,FUR-BO-2020,Furniture,Bookcases,Bookcases Model 925,1127.96,3,0.0,3383.88,0.0,3383.88,6,2024,2024-06,Premium
131,IN-2024-100131,2024-07-15,2024-07-21,Same Day,CU-1041,Julia Sullivan,Consumer,United States,Houston,Central,FUR-CH-2011,Furniture,Chairs,Chairs Model 343,364.88,1,0.0,364.88,0.0,364.88,6,2024,2024-07,Medium
230,IN-2023-100230,2023-08-14,2023-08-17,Second Class,CU-1050,Aaron Blake,Home Office,United States,Newark,East,FUR-BO-2050,Furniture,Bookcases,Bookcases Model 272,937.98,10,0.2,9379.8,1875.96,7503.84,3,2023,2023-08,Premium
53,IN-2024-100053,2024-03-14,2024-03-20,First Class,CU-1053,Farah Mehta,Consumer,United States,Phoenix,West,OFF-AP-2053,Office Supplies,Appliances,Appliances Model 942,590.79,7,0.0,4135.53,0.0,4135.53,6,2024,2024-03,Premium
48,IN-2023-100048,2023-09-24,2023-09-28,Same Day,CU-1048,Farah Iyer,Unknown,United States,Richmond,South,FUR-BO-2048,Furniture,Bookcases,Bookcases Model 879,1056.17,5,0.3,5280.85,1584.26,3696.59,4,2023,2023-09,Premium
241,IN-2023-100241,2023-02-23,2023-02-27,Second Class,CU-1061,Karan Blake,Corporate,United States,Chicago,Central,TEC-MA-2001,Technology,Machines,Machines Model 820,118.74,6,0.1,712.44,71.24,641.2,4,2023,2023-02,Medium
2,IN-2024-100002,2024-07-28,2024-07-30,Same Day,CU-1002,Lena Grant,Consumer,United States,Boston,East,FUR-BO-2002,Furniture,Bookcases,Bookcases Model 703,337.44,1,0.3,337.44,101.23,236.21,2,2024,2024-07,Medium
228,IN-2024-100228,2024-05-16,2024-05-19,First Class,CU-1048,Chris Coleman,Corporate,United States,New York City,East,TEC-MA-2048,Technology,Machines,Machines Model 986,434.05,1,0.1,434.05,43.4,390.65,3,2024,2024-05,Medium
213,IN-2024-100213,2024-01-25,2024-02-01,Same Day,CU-1033,Nisha Nair,Corporate,United States,Jacksonville,South,OFF-AP-2033,Office Supplies,Appliances,Appliances Model 935,989.12,11,0.15,10880.32,1632.05,9248.27,7,2024,2024-01,Premium
207,IN-2023-100207,2023-12-31,2024-01-05,Second Class,CU-1027,Gopal Rossi,Home Office,United States,Jacksonville,South,OFF-PA-2027,Office Supplies,Paper,Paper Model 187,927.74,5,0.3,4638.7,1391.61,3247.09,5,2023,2023-12,Premium
318,IN-2023-100318,2023-11-05,2023-11-09,First Class,CU-1048,Karan Mehta,Home Office,United States,Philadelphia,East,FUR-BO-2018,Furniture,Bookcases,Bookcases Model 528,997.63,2,0.15,1995.26,299.29,1695.97,4,2023,2023-11,High
93,IN-2024-100093,2024-02-22,2024-02-25,First Class,CU-1003,Aaron Verma,Consumer,United States,Phoenix,West,OFF-AP-2033,Office Supplies,Appliances,Appliances Model 555,600.69,6,0.0,3604.14,0.0,3604.14,3,2024,2024-02,Premium
299,IN-2024-100299,2024-10-12,2024-10-13,Second Class,CU-1029,Karan Sharma,Corporate,United States,Jacksonville,South,TEC-CO-2059,Technology,Copiers,Copiers Model 708,538.09,8,0.15,4304.72,645.71,3659.01,1,2024,2024-10,Premium
153,IN-2024-100153,2024-05-10,2024-05-14,Second Class,CU-1063,Divya Nair,Corporate,United States,Newark,East,OFF-AR-2033,Office Supplies,Art,Art Model 851,1185.69,6,0.1,7114.14,711.41,6402.73,4,2024,2024-05,Premium
27,IN-2024-100027,2024-06-01,2024-06-05,Standard Class,CU-1027,Ethan Sharma,Home Office,United States,Detroit,Central,FUR-TA-2027,Furniture,Tables,Tables Model 949,335.63,1,0.0,335.63,0.0,335.63,4,2024,2024-06,Medium
65,IN-2023-100065,2023-06-10,2023-06-11,Same Day,CU-1065,Gopal Khan,Corporate,United States,New York City,East,TEC-PH-2005,Technology,Phones,Phones Model 337,349.29,5,0.2,1746.45,349.29,1397.16,1,2023,2023-06,High
248,IN-2023-100248,2023-05-16,2023-05-20,Same Day,CU-1068,Nisha Patel,Corporate,United States,Seattle,West,OFF-ST-2008,Office Supplies,Storage,Storage Model 881,600.69,2,0.0,1201.38,0.0,1201.38,4,2023,2023-05,High
44,IN-2023-100044,2023-05-22,2023-05-24,Second Class,CU-1044,Divya Rossi,Home Office,United States,Dallas,Central,TEC-PH-2044,Technology,Phones,Phones Model 165,500.77,6,0.15,3004.62,450.69,2553.93,2,2023,2023-05,Premium
147,IN-2023-100147,2023-03-09,2023-03-12,Same Day,CU-1057,Gopal Verma,Home Office,United States,Boston,East,TEC-PH-2027,Technology,Phones,Phones Model 887,494.27,10,0.0,4942.7,0.0,4942.7,3,2023,2023-03,Premium
25,IN-2023-100025,2023-09-08,2023-09-11,Same Day,CU-1025,Ethan Coleman,Home Office,United States,Newark,East,OFF-BI-2025,Office Supplies,Binders,Binders Model 726,1180.7,11,0.15,12987.7,1948.16,11039.54,3,2023,2023-09,Premium
176,IN-2023-100176,2023-10-01,2023-10-04,Standard Class,CU-1086,Ethan Patel,Corporate,United States,Richmond,South,FUR-FU-2056,Furniture,Furnishings,Furnishings Model 809,287.38,11,0.0,3161.18,0.0,3161.18,3,2023,2023-10,Premium
173,IN-2024-100173,2024-06-20,2024-06-24,Same Day,CU-1083,Chris Sullivan,Unknown,United States,Dallas,Central,OFF-AP-2053,Office Supplies,Appliances,Appliances Model 928,139.61,3,0.2,418.83,83.77,335.06,4,2024,2024-06,Medium
164,IN-2023-100164,2023-11-18,2023-11-22,Second Class,CU-1074,Chris Rossi,Corporate,United States,Boston,East,FUR-FU-2044,Furniture,Furnishings,Furnishings Model 993,1018.81,12,0.0,12225.72,0.0,12225.72,4,2023,2023-11,Premium
214,IN-2024-100214,2024-09-09,2024-09-15,First Class,CU-1034,Divya Khan,Consumer,United States,Boston,East,OFF-ST-2034,Office Supplies,Storage,Storage Model 426,353.28,12,0.2,4239.36,847.87,3391.49,6,2024,2024-09,Premium
66,IN-2023-100066,2023-09-28,2023-10-05,Second Class,CU-1066,Manav Grant,Corporate,United States,Miami,South,FUR-CH-2006,Furniture,Chairs,Chairs Model 657,273.65,6,0.0,1641.9,0.0,1641.9,7,2023,2023-09,High
302,IN-2024-100302,2024-09-07,2024-09-14,First Class,CU-1032,Aaron Iyer,Unknown,United States,Richmond,South,FUR-CH-2002,Furniture,Chairs,Chairs Model 829,1160.59,11,0.0,12766.49,0.0,12766.49,7,2024,2024-09,Premium
286,IN-2024-100286,2024-05-06,2024-05-08,Second Class,CU-1016,Bella Sharma,Consumer,United States,San Francisco,West,OFF-AP-2046,Office Supplies,Appliances,Appliances Model 183,570.92,2,0.0,1141.84,0.0,1141.84,2,2024,2024-05,High
28,IN-2023-100028,2023-06-15,2023-06-21,Same Day,CU-1028,Hina Sullivan,Home Office,United States,New York City,East,TEC-AC-2028,Technology,Accessories,Accessories Model 214,94.92,12,0.0,1139.04,0.0,1139.04,6,2023,2023-06,High
260,IN-2024-100260,2024-06-26,2024-06-28,Standard Class,CU-1080,Gopal Khan,Consumer,United States,Unknown,Central,FUR-CH-2020,Furniture,Chairs,Chairs Model 195,600.69,4,0.0,2402.76,0.0,2402.76,2,2024,2024-06,High
304,IN-2023-100304,2023-11-02,2023-11-08,Standard Class,CU-1034,Bella Khan,Corporate,United States,Houston,Central,TEC-AC-2004,Technology,Accessories,Accessories Model 755,393.54,5,0.0,1967.7,0.0,1967.7,6,2023,2023-11,High
253,IN-2023-100253,2023-01-31,2023-02-03,First Class,CU-1073,Manav Rossi,Home Office,United States,Unknown,Central,TEC-PH-2013,Technology,Phones,Phones Model 369,856.23,10,0.0,8562.3,0.0,8562.3,3,2023,2023-01,Premium
35,IN-2023-100035,2023-01-02,2023-01-07,Second Class,CU-1035,Manav Sullivan,Corporate,United States,Phoenix,West,TEC-CO-2035,Technology,Copiers,Copiers Model 171,1138.91,6,0.15,6833.46,1025.02,5808.44,5,2023,2023-01,Premium
211,IN-2024-100211,2024-01-25,2024-01-27,First Class,CU-1031,Chris Blake,Corporate,United States,Boston,East,TEC-MA-2031,Technology,Machines,Machines Model 249,80.6,7,0.0,564.2,0.0,564.2,2,2024,2024-01,Medium
111,IN-2023-100111,2023-08-24,2023-08-29,First Class,CU-1021,Ishan Grant,Consumer,United States,Boston,East,OFF-AP-2051,Office Supplies,Appliances,Appliances Model 982,600.69,7,0.0,4204.83,0.0,4204.83,5,2023,2023-08,Premium
58,IN-2024-100058,2024-01-13,2024-01-17,First Class,CU-1058,Ishan Sullivan,Corporate,United States,Newark,East,OFF-AP-2058,Office Supplies,Appliances,Appliances Model 460,844.91,5,0.0,4224.55,0.0,4224.55,4,2024,2024-01,Premium
267,IN-2024-100267,2024-10-07,2024-10-13,First Class,CU-1087,Bella Patel,Consumer,United States,New York City,East,OFF-ST-2027,Office Supplies,Storage,Storage Model 166,241.31,11,0.1,2654.41,265.44,2388.97,6,2024,2024-10,High
208,IN-2023-100208,2023-03-26,2023-03-29,Second Class,CU-1028,Chris Rossi,Home Office,United States,Unknown,East,TEC-PH-2028,Technology,Phones,Phones Model 424,436.04,2,0.0,872.08,0.0,872.08,3,2023,2023-03,Medium
273,IN-2023-100273,2023-09-11,2023-09-17,Standard Class,CU-1003,Divya Blake,Consumer,United States,Boston,East,FUR-BO-2033,Furniture,Bookcases,Bookcases Model 463,1122.57,3,0.0,3367.71,0.0,3367.71,6,2023,2023-09,Premium
192,IN-2024-100192,2024-07-02,2024-07-08,Standard Class,CU-1012,Nisha Iyer,Corporate,United States,Jacksonville,South,OFF-BI-2012,Office Supplies,Binders,Binders Model 789,727.94,1,0.3,727.94,218.38,509.56,6,2024,2024-07,Medium
140,IN-2023-100140,2023-12-26,2023-12-30,First Class,CU-1050,Aaron Verma,Home Office,United States,Boston,East,TEC-CO-2020,Technology,Copiers,Copiers Model 381,600.69,1,0.0,600.69,0.0,600.69,4,2023,2023-12,Medium
98,IN-2024-100098,2024-08-30,2024-08-31,Second Class,CU-1008,Hina Sullivan,Home Office,United States,Miami,South,OFF-AP-2038,Office Supplies,Appliances,Appliances Model 844,940.96,11,0.15,10350.56,1552.58,8797.98,1,2024,2024-08,Premium
168,IN-2023-100168,2023-02-13,2023-02-16,First Class,CU-1078,Lena Mehta,Corporate,United States,Houston,Central,FUR-TA-2048,Furniture,Tables,Tables Model 865,577.5,4,0.3,2310.0,693.0,1617.0,3,2023,2023-02,High
112,IN-2024-100112,2024-08-12,2024-08-16,Same Day,CU-1022,Julia Rossi,Corporate,United States,Miami,South,FUR-TA-2052,Furniture,Tables,Tables Model 514,29.92,6,0.0,179.52,0.0,179.52,4,2024,2024-08,Low
256,IN-2023-100256,2023-08-18,2023-08-21,First Class,CU-1076,Divya Rossi,Corporate,United States,Los Angeles,West,TEC-CO-2016,Technology,Copiers,Copiers Model 685,450.51,9,0.2,4054.59,810.92,3243.67,3,2023,2023-08,Premium
122,IN-2023-100122,2023-11-14,2023-11-19,First Class,CU-1032,Gopal Grant,Consumer,United States,Miami,South,FUR-BO-2002,Furniture,Bookcases,Bookcases Model 761,806.19,9,0.0,7255.71,0.0,7255.71,5,2023,2023-11,Premium
212,IN-2023-100212,2023-03-20,2023-03-23,Same Day,CU-1032,Ethan Iyer,Home Office,United States,Atlanta,South,OFF-AR-2032,Office Supplies,Art,Art Model 568,132.83,5,0.0,664.15,0.0,664.15,3,2023,2023-03,Medium
274,IN-2024-100274,2024-01-03,2024-01-08,First Class,CU-1004,Aaron Verma,Home Office,United States,Philadelphia,East,TEC-AC-2034,Technology,Accessories,Accessories Model 676,1138.3,8,0.15,9106.4,1365.96,7740.44,5,2024,2024-01,Premium
79,IN-2023-100079,2023-03-18,2023-03-22,First Class,CU-1079,Unknown,Home Office,United States,Boston,East,OFF-PA-2019,Office Supplies,Paper,Paper Model 765,100.98,6,0.3,605.88,181.76,424.12,4,2023,2023-03,Medium
174,IN-2023-100174,2023-07-10,2023-07-11,First Class,CU-1084,Lena Nair,Home Office,United States,Atlanta,South,TEC-AC-2054,Technology,Accessories,Accessories Model 279,735.09,11,0.1,8085.99,808.6,7277.39,1,2023,2023-07,Premium
26,IN-2024-100026,2024-11-10,2024-11-11,Standard Class,CU-1026,Chris Blake,Consumer,United States,Seattle,West,TEC-AC-2026,Technology,Accessories,Accessories Model 378,341.7,4,0.2,1366.8,273.36,1093.44,1,2024,2024-11,High
195,IN-2024-100195,2024-04-22,2024-04-23,Same Day,CU-1015,Manav Verma,Corporate,United States,Dallas,Central,TEC-CO-2015,Technology,Copiers,Copiers Model 479,378.94,1,0.15,378.94,56.84,322.1,1,2024,2024-04,Medium
277,IN-2023-100277,2023-11-27,2023-11-29,Same Day,CU-1007,Chris Verma,Home Office,United States,Unknown,West,OFF-ST-2037,Office Supplies,Storage,Storage Model 764,384.15,12,0.15,4609.8,691.47,3918.33,2,2023,2023-11,Premium
184,IN-2024-100184,2024-10-31,2024-11-07,Second Class,CU-1004,Farah Mehta,Home Office,United States,Phoenix,West,TEC-MA-2004,Technology,Machines,Machines Model 641,157.18,4,0.3,628.72,188.62,440.1,7,2024,2024-10,Medium
60,IN-2023-100060,2023-10-31,2023-11-02,First Class,CU-1060,Farah Coleman,Consumer,United States,Dallas,Central,FUR-CH-2000,Furniture,Chairs,Chairs Model 380,59.39,1,0.15,59.39,8.91,50.48,2,2023,2023-10,Low
132,IN-2023-100132,2023-03-06,2023-03-07,Standard Class,CU-1042,Nisha Khan,Home Office,United States,Atlanta,South,TEC-CO-2012,Technology,Copiers,Copiers Model 835,600.69,7,0.0,4204.83,0.0,4204.83,1,2023,2023-03,Premium
38,IN-2024-100038,2024-03-28,2024-04-03,Same Day,CU-1038,Divya Sullivan,Home Office,United States,Dallas,Central,OFF-AR-2038,Office Supplies,Art,Art Model 774,106.33,9,0.2,956.97,191.39,765.58,6,2024,2024-03,Medium
317,IN-2024-100317,2024-10-31,2024-11-07,Standard Class,CU-1047,Aaron Sharma,Corporate,United States,Unknown,West,TEC-PH-2017,Technology,Phones,Phones Model 489,152.7,5,0.1,763.5,76.35,687.15,7,2024,2024-10,Medium
242,IN-2024-100242,2024-06-15,2024-06-21,Standard Class,CU-1062,Hina Sharma,Home Office,United States,San Francisco,West,FUR-CH-2002,Furniture,Chairs,Chairs Model 936,149.11,7,0.0,1043.77,0.0,1043.77,6,2024,2024-06,High
237,IN-2023-100237,2023-01-03,2023-01-10,Standard Class,CU-1057,Manav Verma,Home Office,United States,Jacksonville,South,OFF-AP-2057,Office Supplies,Appliances,Appliances Model 750,798.65,6,0.3,4791.9,1437.57,3354.33,7,2023,2023-01,Premium
177,IN-2024-100177,2024-02-20,2024-02-26,First Class,CU-1087,Ishan Verma,Home Office,United States,Miami,South,OFF-PA-2057,Office Supplies,Paper,Paper Model 754,1099.78,5,0.0,5498.9,0.0,5498.9,6,2024,2024-02,Premium
218,IN-2024-100218,2024-08-31,2024-09-06,Second Class,CU-1038,Bella Mehta,Home Office,United States,San Francisco,West,OFF-AP-2038,Office Supplies,Appliances,Appliances Model 270,778.16,1,0.15,778.16,116.72,661.44,6,2024,2024-08,Medium
190,IN-2024-100190,2024-03-02,2024-03-06,Same Day,CU-1010,Chris Blake,Consumer,United States,Jacksonville,South,TEC-AC-2010,Technology,Accessories,Accessories Model 346,1019.96,5,0.3,5099.8,1529.94,3569.86,4,2024,2024-03,Premium
106,IN-2023-100106,2023-01-07,2023-01-09,Same Day,CU-1016,Nisha Coleman,Consumer,United States,Dallas,Central,OFF-ST-2046,Office Supplies,Storage,Storage Model 858,761.64,1,0.0,761.64,0.0,761.64,2,2023,2023-01,Medium
231,IN-2024-100231,2024-08-09,2024-08-10,First Class,CU-1051,Ethan Sullivan,Home Office,United States,Miami,South,TEC-PH-2051,Technology,Phones,Phones Model 878,864.18,9,0.0,7777.62,0.0,7777.62,1,2024,2024-08,Premium
182,IN-2023-100182,2023-08-12,2023-08-17,Same Day,CU-1002,Bella Sharma,Corporate,United States,Miami,South,OFF-BI-2002,Office Supplies,Binders,Binders Model 654,1192.98,2,0.1,2385.96,238.6,2147.36,5,2023,2023-08,High
203,IN-2023-100203,2023-03-26,2023-03-30,First Class,CU-1023,Nisha Rossi,Home Office,United States,Los Angeles,West,TEC-MA-2023,Technology,Machines,Machines Model 640,1103.39,4,0.0,4413.56,0.0,4413.56,4,2023,2023-03,Premium
37,IN-2024-100037,2024-11-24,2024-11-30,First Class,CU-1037,Chris Patel,Corporate,United States,Miami,South,TEC-CO-2037,Technology,Copiers,Copiers Model 411,347.86,7,0.3,2435.02,730.51,1704.51,6,2024,2024-11,High
11,IN-2023-100011,2023-04-25,2023-04-28,Same Day,CU-1011,Gopal Coleman,Consumer,United States,Houston,Central,TEC-AC-2011,Technology,Accessories,Accessories Model 612,915.54,9,0.0,8239.86,0.0,8239.86,3,2023,2023-04,Premium
82,IN-2023-100082,2023-06-24,2023-06-26,Same Day,CU-1082,Bella Patel,Home Office,United States,Atlanta,South,TEC-MA-2022,Technology,Machines,Machines Model 609,1095.83,3,0.0,3287.49,0.0,3287.49,2,2023,2023-06,Premium
101,IN-2024-100101,2024-03-16,2024-03-20,First Class,CU-1011,Divya Rossi,Corporate,United States,Phoenix,West,TEC-MA-2041,Technology,Machines,Machines Model 525,876.89,6,0.1,5261.34,526.13,4735.21,4,2024,2024-03,Premium
308,IN-2024-100308,2024-11-01,2024-11-02,Second Class,CU-1038,Divya Nair,Home Office,United States,Newark,East,TEC-AC-2008,Technology,Accessories,Accessories Model 530,946.77,6,0.0,5680.62,0.0,5680.62,1,2024,2024-11,Premium
232,IN-2023-100232,2023-11-01,2023-11-08,First Class,CU-1052,Aaron Khan,Corporate,United States,Miami,South,FUR-CH-2052,Furniture,Chairs,Chairs Model 549,1039.02,2,0.3,2078.04,623.41,1454.63,7,2023,2023-11,High
18,IN-2023-100018,2023-12-14,2023-12-21,Second Class,CU-1018,Nisha Mehta,Consumer,United States,Seattle,West,FUR-FU-2018,Furniture,Furnishings,Furnishings Model 649,541.09,7,0.0,3787.63,0.0,3787.63,7,2023,2023-12,Premium
255,IN-2023-100255,2023-02-15,2023-02-22,Second Class,CU-1075,Nisha Sharma,Consumer,United States,Phoenix,West,FUR-BO-2015,Furniture,Bookcases,Bookcases Model 472,462.66,3,0.0,1387.98,0.0,1387.98,7,2023,2023-02,High
279,IN-2023-100279,2023-07-06,2023-07-11,Second Class,CU-1009,Farah Patel,Home Office,United States,Miami,South,TEC-PH-2039,Technology,Phones,Phones Model 608,173.07,12,0.0,2076.84,0.0,2076.84,5,2023,2023-07,High
158,IN-2024-100158,2024-08-06,2024-08-11,First Class,CU-1068,Divya Nair,Consumer,United States,Unknown,West,OFF-BI-2038,Office Supplies,Binders,Binders Model 616,543.17,9,0.0,4888.53,0.0,4888.53,5,2024,2024-08,Premium
36,IN-2023-100036,2023-11-04,2023-11-09,Same Day,CU-1036,Ethan Grant,Corporate,United States,Detroit,Central,TEC-PH-2036,Technology,Phones,Phones Model 813,358.31,3,0.0,1074.93,0.0,1074.93,5,2023,2023-11,High
216,IN-2023-100216,2023-08-03,2023-08-07,Standard Class,CU-1036,Manav Blake,Corporate,United States,Phoenix,West,TEC-CO-2036,Technology,Copiers,Copiers Model 242,761.84,4,0.0,3047.36,0.0,3047.36,4,2023,2023-08,Premium
297,IN-2024-100297,2024-06-12,2024-06-19,Second Class,CU-1027,Farah Sharma,Consumer,United States,Newark,East,OFF-AR-2057,Office Supplies,Art,Art Model 826,610.62,3,0.3,1831.86,549.56,1282.3,7,2024,2024-06,High
20,IN-2023-100020,2023-08-07,2023-08-14,Second Class,CU-1020,Gopal Sharma,Corporate,United States,Miami,South,OFF-AR-2020,Office Supplies,Art,Art Model 499,321.92,8,0.0,2575.36,0.0,2575.36,7,2023,2023-08,High
199,IN-2023-100199,2023-01-10,2023-01-12,First Class,CU-1019,Ishan Khan,Consumer,United States,Boston,East,FUR-CH-2019,Furniture,Chairs,Chairs Model 775,587.99,1,0.15,587.99,88.2,499.79,2,2023,2023-01,Medium
296,IN-2024-100296,2024-03-29,2024-04-05,First Class,CU-1026,Nisha Nair,Home Office,United States,Boston,East,FUR-TA-2056,Furniture,Tables,Tables Model 719,600.69,4,0.1,2402.76,240.28,2162.48,7,2024,2024-03,High
251,IN-2023-100251,2023-09-02,2023-09-03,Same Day,CU-1071,Divya Mehta,Consumer,United States,Phoenix,West,OFF-AR-2011,Office Supplies,Art,Art Model 726,732.55,5,0.2,3662.75,732.55,2930.2,1,2023,2023-09,Premium
127,IN-2023-100127,2023-09-14,2023-09-15,First Class,CU-1037,Karan Khan,Home Office,United States,New York City,East,FUR-CH-2007,Furniture,Chairs,Chairs Model 828,1015.84,2,0.0,2031.68,0.0,2031.68,1,2023,2023-09,High
62,IN-2023-100062,2023-04-27,2023-05-04,Same Day,CU-1062,Bella Rossi,Consumer,United States,Los Angeles,West,OFF-AR-2002,Office Supplies,Art,Art Model 255,183.29,10,0.0,1832.9,0.0,1832.9,7,2023,2023-04,High
71,IN-2024-100071,2024-04-10,2024-04-11,First Class,CU-1071,Farah Blake,Consumer,United States,Jacksonville,South,TEC-PH-2011,Technology,Phones,Phones Model 985,619.94,1,0.2,619.94,123.99,495.95,1,2024,2024-04,Medium
109,IN-2023-100109,2023-12-20,2023-12-24,Same Day,CU-1019,Bella Blake,Home Office,United States,Newark,East,TEC-PH-2049,Technology,Phones,Phones Model 146,268.52,10,0.0,2685.2,0.0,2685.2,4,2023,2023-12,High
6,IN-2024-100006,2024-09-15,2024-09-21,Second Class,CU-1006,Chris Sullivan,Consumer,United States,Detroit,Central,TEC-PH-2006,Technology,Phones,Phones Model 488,327.59,11,0.2,3603.49,720.7,2882.79,6,2024,2024-09,Premium
21,IN-2023-100021,2023-06-08,2023-06-10,Standard Class,CU-1021,Ethan Iyer,Home Office,United States,Miami,South,TEC-CO-2021,Technology,Copiers,Copiers Model 865,379.76,1,0.15,379.76,56.96,322.8,2,2023,2023-06,Medium
263,IN-2023-100263,2023-06-09,2023-06-10,Same Day,CU-1083,Chris Khan,Corporate,United States,Boston,East,FUR-BO-2023,Furniture,Bookcases,Bookcases Model 223,645.43,4,0.1,2581.72,258.17,2323.55,1,2023,2023-06,High
152,IN-2023-100152,2023-10-24,2023-10-30,Second Class,CU-1062,Ethan Khan,Home Office,United States,Phoenix,West,OFF-AP-2032,Office Supplies,Appliances,Appliances Model 404,546.99,12,0.0,6563.88,0.0,6563.88,6,2023,2023-10,Premium
70,IN-2023-100070,2023-12-23,2023-12-27,Standard Class,CU-1070,Farah Nair,Consumer,United States,Richmond,South,FUR-FU-2010,Furniture,Furnishings,Furnishings Model 521,833.94,5,0.2,4169.7,833.94,3335.76,4,2023,2023-12,Premium
30,IN-2024-100030,2024-11-13,2024-11-14,Same Day,CU-1030,Farah Sullivan,Home Office,United States,Philadelphia,East,TEC-MA-2030,Technology,Machines,Machines Model 342,1038.2,3,0.1,3114.6,311.46,2803.14,1,2024,2024-11,Premium
88,IN-2024-100088,2024-06-27,2024-07-02,First Class,CU-1088,Ethan Coleman,Corporate,United States,Newark,East,TEC-AC-2028,Technology,Accessories,Accessories Model 864,1045.12,2,0.1,2090.24,209.02,1881.22,5,2024,2024-06,High
77,IN-2023-100077,2023-07-13,2023-07-19,Same Day,CU-1077,Divya Patel,Consumer,United States,Jacksonville,South,OFF-ST-2017,Office Supplies,Storage,Storage Model 144,385.22,8,0.2,3081.76,616.35,2465.41,6,2023,2023-07,Premium
316,IN-2023-100316,2023-05-07,2023-05-10,Standard Class,CU-1046,Lena Grant,Corporate,United States,San Francisco,West,TEC-MA-2016,Technology,Machines,Machines Model 889,644.01,1,0.15,644.01,96.6,547.41,3,2023,2023-05,Medium
189,IN-2023-100189,2023-10-09,2023-10-10,Second Class,CU-1009,Ishan Patel,Home Office,United States,Boston,East,OFF-ST-2009,Office Supplies,Storage,Storage Model 669,597.27,6,0.2,3583.62,716.72,2866.9,1,2023,2023-10,Premium
105,IN-2024-100105,2024-08-10,2024-08-12,Standard Class,CU-1015,Manav Rossi,Home Office,United States,Houston,Central,FUR-TA-2045,Furniture,Tables,Tables Model 129,220.6,12,0.3,2647.2,794.16,1853.04,2,2024,2024-08,High
261,IN-2024-100261,2024-04-14,2024-04-20,Standard Class,CU-1081,Bella Patel,Home Office,United States,Atlanta,South,TEC-AC-2021,Technology,Accessories,Accessories Model 752,984.86,2,0.15,1969.72,295.46,1674.26,6,2024,2024-04,High
250,IN-2023-100250,2023-11-14,2023-11-15,Second Class,CU-1070,Ishan Iyer,Home Office,United States,Newark,East,OFF-BI-2010,Office Supplies,Binders,Binders Model 500,705.79,11,0.2,7763.69,1552.74,6210.95,1,2023,2023-11,Premium
61,IN-2024-100061,2024-10-15,2024-10-22,Standard Class,CU-1061,Manav Khan,Consumer,United States,Houston,Central,TEC-MA-2001,Technology,Machines,Machines Model 580,577.06,6,0.0,3462.36,0.0,3462.36,7,2024,2024-10,Premium
22,IN-2023-100022,2023-02-28,2023-03-05,Standard Class,CU-1022,Bella Coleman,Home Office,United States,Miami,South,TEC-MA-2022,Technology,Machines,Machines Model 791,1034.87,7,0.0,7244.09,0.0,7244.09,5,2023,2023-02,Premium
262,IN-2023-100262,2023-08-31,2023-09-03,Same Day,CU-1082,Ethan Nair,Home Office,United States,San Francisco,West,OFF-PA-2022,Office Supplies,Paper,Paper Model 425,546.05,4,0.0,2184.2,0.0,2184.2,3,2023,2023-08,High
107,IN-2024-100107,2024-04-09,2024-04-12,First Class,CU-1017,Chris Nair,Home Office,United States,Newark,East,OFF-AR-2047,Office Supplies,Art,Art Model 895,1129.98,10,0.0,11299.8,0.0,11299.8,3,2024,2024-04,Premium
128,IN-2024-100128,2024-04-05,2024-04-10,Standard Class,CU-1038,Chris Rossi,Consumer,United States,Phoenix,West,FUR-TA-2008,Furniture,Tables,Tables Model 457,1116.91,7,0.0,7818.37,0.0,7818.37,5,2024,2024-04,Premium
50,IN-2023-100050,2023-01-21,2023-01-26,Second Class,CU-1050,Chris Iyer,Corporate,United States,Los Angeles,West,FUR-CH-2050,Furniture,Chairs,Chairs Model 677,1137.57,8,0.2,9100.56,1820.11,7280.45,5,2023,2023-01,Premium
196,IN-2023-100196,2023-01-17,2023-01-20,Same Day,CU-1016,Ishan Patel,Corporate,United States,Philadelphia,East,TEC-MA-2016,Technology,Machines,Machines Model 300,399.19,7,0.15,2794.33,419.15,2375.18,3,2023,2023-01,High
59,IN-2023-100059,2023-07-17,2023-07-20,Second Class,CU-1059,Bella Verma,Consumer,United States,Dallas,Central,FUR-BO-2059,Furniture,Bookcases,Bookcases Model 856,600.69,12,0.15,7208.28,1081.24,6127.04,3,2023,2023-07,Premium
76,IN-2023-100076,2023-11-02,2023-11-09,Same Day,CU-1076,Julia Patel,Consumer,United States,Detroit,Central,FUR-TA-2016,Furniture,Tables,Tables Model 651,583.79,6,0.15,3502.74,525.41,2977.33,7,2023,2023-11,Premium
95,IN-2023-100095,2023-09-07,2023-09-09,Second Class,CU-1005,Manav Patel,Consumer,United States,Seattle,West,FUR-TA-2035,Furniture,Tables,Tables Model 700,263.06,4,0.0,1052.24,0.0,1052.24,2,2023,2023-09,High
187,IN-2024-100187,2024-11-19,2024-11-25,Second Class,CU-1007,Nisha Sharma,Home Office,United States,Los Angeles,West,OFF-AP-2007,Office Supplies,Appliances,Appliances Model 511,529.56,9,0.0,4766.04,0.0,4766.04,6,2024,2024-11,Premium
39,IN-2024-100039,2024-11-19,2024-11-22,Second Class,CU-1039,Divya Iyer,Consumer,United States,Chicago,Central,FUR-CH-2039,Furniture,Chairs,Chairs Model 350,1180.8,10,0.3,11808.0,3542.4,8265.6,3,2024,2024-11,Premium
265,IN-2023-100265,2023-12-31,2024-01-04,First Class,CU-1085,Ishan Sharma,Corporate,United States,Seattle,West,TEC-MA-2025,Technology,Machines,Machines Model 131,1142.76,8,0.15,9142.08,1371.31,7770.77,4,2023,2023-12,Premium
220,IN-2024-100220,2024-05-09,2024-05-10,Standard Class,CU-1040,Ethan Rossi,Consumer,United States,Philadelphia,East,OFF-BI-2040,Office Supplies,Binders,Binders Model 456,377.71,8,0.3,3021.68,906.5,2115.18,1,2024,2024-05,Premium
175,IN-2023-100175,2023-03-30,2023-04-03,Second Class,CU-1085,Karan Mehta,Consumer,United States,Jacksonville,South,TEC-AC-2055,Technology,Accessories,Accessories Model 431,1123.31,1,0.0,1123.31,0.0,1123.31,4,2023,2023-03,High
155,IN-2024-100155,2024-03-04,2024-03-06,First Class,CU-1065,Nisha Coleman,Home Office,United States,Unknown,Central,OFF-AP-2035,Office Supplies,Appliances,Appliances Model 294,600.69,8,0.15,4805.52,720.83,4084.69,2,2024,2024-03,Premium
133,IN-2023-100133,2023-07-11,2023-07-17,First Class,CU-1043,Karan Mehta,Consumer,United States,Chicago,Central,FUR-FU-2013,Furniture,Furnishings,Furnishings Model 499,600.69,1,0.2,600.69,120.14,480.55,6,2023,2023-07,Medium
227,IN-2024-100227,2024-01-18,2024-01-24,Same Day,CU-1047,Chris Sullivan,Corporate,United States,Dallas,Central,FUR-CH-2047,Furniture,Chairs,Chairs Model 688,463.53,3,0.1,1390.59,139.06,1251.53,6,2024,2024-01,High
264,IN-2023-100264,2023-05-03,2023-05-04,First Class,CU-1084,Chris Grant,Home Office,United States,Chicago,Central,OFF-ST-2024,Office Supplies,Storage,Storage Model 320,1003.93,6,0.0,6023.58,0.0,6023.58,1,2023,2023-05,Premium
69,IN-2024-100069,2024-08-13,2024-08-14,Same Day,CU-1069,Manav Coleman,Home Office,United States,Phoenix,West,TEC-AC-2009,Technology,Accessories,Accessories Model 384,221.88,10,0.1,2218.8,221.88,1996.92,1,2024,2024-08,High
225,IN-2023-100225,2023-04-27,2023-04-30,First Class,CU-1045,Karan Khan,Home Office,United States,Detroit,Central,FUR-FU-2045,Furniture,Furnishings,Furnishings Model 725,474.09,2,0.0,948.18,0.0,948.18,3,2023,2023-04,Medium
51,IN-2024-100051,2024-09-12,2024-09-17,Standard Class,CU-1051,Lena Verma,Consumer,United States,Houston,Central,OFF-PA-2051,Office Supplies,Paper,Paper Model 210,696.53,5,0.15,3482.65,522.4,2960.25,5,2024,2024-09,Premium
188,IN-2023-100188,2023-08-28,2023-09-04,First Class,CU-1008,Lena Patel,Home Office,United States,San Francisco,West,FUR-TA-2008,Furniture,Tables,Tables Model 342,365.61,3,0.2,1096.83,219.37,877.46,7,2023,2023-08,High
165,IN-2024-100165,2024-07-28,2024-07-31,Same Day,CU-1075,Karan Khan,Corporate,United States,Philadelphia,East,TEC-MA-2045,Technology,Machines,Machines Model 570,1094.99,6,0.15,6569.94,985.49,5584.45,3,2024,2024-07,Premium
320,IN-2023-100320,2023-08-01,2023-08-07,Second Class,CU-1050,Hina Nair,Consumer,United States,Los Angeles,West,TEC-CO-2020,Technology,Copiers,Copiers Model 787,111.36,2,0.3,222.72,66.82,155.9,6,2023,2023-08,Low
56,IN-2023-100056,2023-09-22,2023-09-25,First Class,CU-1056,Ethan Patel,Home Office,United States,Miami,South,FUR-TA-2056,Furniture,Tables,Tables Model 629,1137.93,2,0.0,2275.86,0.0,2275.86,3,2023,2023-09,High
288,IN-2023-100288,2023-09-27,2023-09-29,Standard Class,CU-1018,Nisha Blake,Consumer,United States,Chicago,Central,OFF-AR-2048,Office Supplies,Art,Art Model 187,803.43,9,0.1,7230.87,723.09,6507.78,2,2023,2023-09,Premium
194,IN-2024-100194,2024-02-11,2024-02-13,First Class,CU-1014,Ishan Nair,Corporate,United States,Jacksonville,South,FUR-CH-2014,Furniture,Chairs,Chairs Model 646,780.22,5,0.0,3901.1,0.0,3901.1,2,2024,2024-02,Premium
84,IN-2023-100084,2023-09-14,2023-09-18,Second Class,CU-1084,Nisha Blake,Corporate,United States,Detroit,Central,TEC-CO-2024,Technology,Copiers,Copiers Model 209,288.46,10,0.0,2884.6,0.0,2884.6,4,2023,2023-09,High
275,IN-2023-100275,2023-02-08,2023-02-09,Second Class,CU-1005,Aaron Iyer,Consumer,United States,Detroit,Central,FUR-FU-2035,Furniture,Furnishings,Furnishings Model 100,401.42,10,0.0,4014.2,0.0,4014.2,1,2023,2023-02,Premium
226,IN-2023-100226,2023-06-26,2023-07-03,First Class,CU-1046,Karan Verma,Home Office,United States,Chicago,Central,OFF-AP-2046,Office Supplies,Appliances,Appliances Model 788,165.07,2,0.0,330.14,0.0,330.14,7,2023,2023-06,Medium
229,IN-2024-100229,2024-07-29,2024-08-03,Same Day,CU-1049,Karan Khan,Home Office,United States,Boston,East,FUR-FU-2049,Furniture,Furnishings,Furnishings Model 525,853.62,8,0.1,6828.96,682.9,6146.06,5,2024,2024-07,Premium
64,IN-2024-100064,2024-09-27,2024-09-28,Standard Class,CU-1064,Julia Verma,Consumer,United States,Atlanta,South,OFF-AP-2004,Office Supplies,Appliances,Appliances Model 370,794.21,3,0.0,2382.63,0.0,2382.63,1,2024,2024-09,High
130,IN-2023-100130,2023-10-21,2023-10-28,Second Class,CU-1040,Hina Verma,Home Office,United States,Boston,East,FUR-BO-2010,Furniture,Bookcases,Bookcases Model 559,740.34,2,0.0,1480.68,0.0,1480.68,7,2023,2023-10,High
294,IN-2024-100294,2024-02-17,2024-02-19,Same Day,CU-1024,Julia Patel,Consumer,United States,Phoenix,West,FUR-TA-2054,Furniture,Tables,Tables Model 439,830.16,1,0.2,830.16,166.03,664.13,2,2024,2024-02,Medium
303,IN-2024-100303,2024-04-15,2024-04-18,First Class,CU-1033,Divya Khan,Home Office,United States,Jacksonville,South,OFF-ST-2003,Office Supplies,Storage,Storage Model 698,127.26,9,0.2,1145.34,229.07,916.27,3,2024,2024-04,High
271,IN-2024-100271,2024-01-27,2024-02-03,Same Day,CU-1001,Lena Nair,Home Office,United States,Boston,East,TEC-PH-2031,Technology,Phones,Phones Model 452,1095.65,9,0.0,9860.85,0.0,9860.85,7,2024,2024-01,Premium
185,IN-2024-100185,2024-04-19,2024-04-25,Same Day,CU-1005,Lena Sullivan,Home Office,United States,Phoenix,West,FUR-TA-2005,Furniture,Tables,Tables Model 943,279.45,8,0.0,2235.6,0.0,2235.6,6,2024,2024-04,High
87,IN-2023-100087,2023-02-04,2023-02-09,Second Class,CU-1087,Farah Verma,Consumer,United States,San Francisco,West,OFF-AR-2027,Office Supplies,Art,Art Model 434,898.24,3,0.0,2694.72,0.0,2694.72,5,2023,2023-02,High
198,IN-2023-100198,2023-07-08,2023-07-13,Standard Class,CU-1018,Karan Sharma,Consumer,United States,New York City,East,TEC-CO-2018,Technology,Copiers,Copiers Model 882,12.63,6,0.3,75.78,22.73,53.05,5,2023,2023-07,Low
161,IN-2024-100161,2024-08-30,2024-09-02,Same Day,CU-1071,Ishan Sullivan,Home Office,United States,Richmond,South,TEC-AC-2041,Technology,Accessories,Accessories Model 586,979.82,6,0.0,5878.92,0.0,5878.92,3,2024,2024-08,Premium
47,IN-2024-100047,2024-04-23,2024-04-25,Standard Class,CU-1047,Julia Sullivan,Corporate,United States,Miami,South,TEC-MA-2047,Technology,Machines,Machines Model 185,773.09,3,0.3,2319.27,695.78,1623.49,2,2024,2024-04,High
223,IN-2024-100223,2024-10-06,2024-10-08,Same Day,CU-1043,Chris Grant,Corporate,United States,Miami,South,FUR-FU-2043,Furniture,Furnishings,Furnishings Model 855,738.86,4,0.1,2955.44,295.54,2659.9,2,2024,2024-10,High
163,IN-2024-100163,2024-08-20,2024-08-24,Same Day,CU-1073,Chris Sullivan,Consumer,United States,Philadelphia,East,TEC-PH-2043,Technology,Phones,Phones Model 132,689.22,12,0.0,8270.64,0.0,8270.64,4,2024,2024-08,Premium
85,IN-2023-100085,2023-01-23,2023-01-30,First Class,CU-1085,Karan Rossi,Consumer,United States,Unknown,Central,TEC-AC-2025,Technology,Accessories,Accessories Model 720,895.48,6,0.3,5372.88,1611.86,3761.02,7,2023,2023-01,Premium
315,IN-2023-100315,2023-12-17,2023-12-21,Second Class,CU-1045,Farah Iyer,Corporate,United States,Unknown,Central,OFF-PA-2015,Office Supplies,Paper,Paper Model 333,273.06,3,0.0,819.18,0.0,819.18,4,2023,2023-12,Medium
224,IN-2023-100224,2023-08-08,2023-08-10,Standard Class,CU-1044,Ethan Verma,Home Office,United States,Miami,South,OFF-BI-2044,Office Supplies,Binders,Binders Model 918,1047.02,3,0.0,3141.06,0.0,3141.06,2,2023,2023-08,Premium
3,IN-2023-100003,2023-12-15,2023-12-18,First Class,CU-1003,Chris Iyer,Consumer,United States,New York City,East,TEC-CO-2003,Technology,Copiers,Copiers Model 489,120.58,6,0.15,723.48,108.52,614.96,3,2023,2023-12,Medium
138,IN-2023-100138,2023-07-11,2023-07-15,First Class,CU-1048,Unknown,Home Office,United States,Richmond,South,OFF-ST-2018,Office Supplies,Storage,Storage Model 920,103.72,7,0.0,726.04,0.0,726.04,4,2023,2023-07,Medium
206,IN-2023-100206,2023-02-24,2023-02-25,Standard Class,CU-1026,Gopal Iyer,Corporate,United States,Phoenix,West,TEC-AC-2026,Technology,Accessories,Accessories Model 892,395.02,11,0.0,4345.22,0.0,4345.22,1,2023,2023-02,Premium
306,IN-2024-100306,2024-03-04,2024-03-08,Standard Class,CU-1036,Gopal Verma,Home Office,United States,Atlanta,South,OFF-ST-2006,Office Supplies,Storage,Storage Model 451,873.23,4,0.2,3492.92,698.58,2794.34,4,2024,2024-03,Premium
117,IN-2023-100117,2023-02-27,2023-03-02,First Class,CU-1027,Ishan Mehta,Corporate,United States,Detroit,Central,OFF-AP-2057,Office Supplies,Appliances,Appliances Model 138,72.98,5,0.0,364.9,0.0,364.9,3,2023,2023-02,Medium
121,IN-2024-100121,2024-11-03,2024-11-08,First Class,CU-1031,Nisha Coleman,Consumer,United States,Atlanta,South,OFF-ST-2001,Office Supplies,Storage,Storage Model 458,375.73,11,0.2,4133.03,826.61,3306.42,5,2024,2024-11,Premium
319,IN-2023-100319,2023-04-19,2023-04-23,Second Class,CU-1049,Unknown,Corporate,United States,Seattle,West,OFF-BI-2019,Office Supplies,Binders,Binders Model 466,600.69,5,0.0,3003.45,0.0,3003.45,4,2023,2023-04,Premium
181,IN-2024-100181,2024-06-09,2024-06-13,Standard Class,CU-1001,Hina Patel,Home Office,United States,Phoenix,West,OFF-PA-2001,Office Supplies,Paper,Paper Model 788,969.26,6,0.0,5815.56,0.0,5815.56,4,2024,2024-06,Premium
252,IN-2023-100252,2023-05-21,2023-05-27,Same Day,CU-1072,Aaron Coleman,Corporate,United States,Newark,East,FUR-BO-2012,Furniture,Bookcases,Bookcases Model 270,449.38,12,0.3,5392.56,1617.77,3774.79,6,2023,2023-05,Premium
33,IN-2023-100033,2023-12-26,2024-01-01,First Class,CU-1033,Ishan Rossi,Consumer,United States,Chicago,Central,FUR-TA-2033,Furniture,Tables,Tables Model 998,1164.63,3,0.15,3493.89,524.08,2969.81,6,2023,2023-12,Premium
283,IN-2023-100283,2023-04-18,2023-04-19,Same Day,CU-1013,Farah Coleman,Consumer,United States,Los Angeles,West,OFF-ST-2043,Office Supplies,Storage,Storage Model 660,1130.49,2,0.0,2260.98,0.0,2260.98,1,2023,2023-04,High
8,IN-2024-100008,2024-02-10,2024-02-16,First Class,CU-1008,Hina Coleman,Consumer,United States,Dallas,Central,FUR-FU-2008,Furniture,Furnishings,Furnishings Model 862,675.83,6,0.2,4054.98,811.0,3243.98,6,2024,2024-02,Premium
10,IN-2024-100010,2024-01-30,2024-02-03,First Class,CU-1010,Julia Khan,Home Office,United States,Miami,South,TEC-PH-2010,Technology,Phones,Phones Model 796,866.26,11,0.15,9528.86,1429.33,8099.53,4,2024,2024-01,Premium
104,IN-2023-100104,2023-11-16,2023-11-19,Second Class,CU-1014,Unknown,Consumer,United States,Phoenix,West,OFF-AP-2044,Office Supplies,Appliances,Appliances Model 329,1017.49,6,0.3,6104.94,1831.48,4273.46,3,2023,2023-11,Premium
92,IN-2023-100092,2023-08-29,2023-09-03,Same Day,CU-1002,Chris Rossi,Corporate,United States,Jacksonville,South,FUR-BO-2032,Furniture,Bookcases,Bookcases Model 701,892.01,3,0.1,2676.03,267.6,2408.43,5,2023,2023-08,High
40,IN-2024-100040,2024-10-06,2024-10-11,Same Day,CU-1040,Divya Verma,Corporate,United States,Phoenix,West,OFF-AR-2040,Office Supplies,Art,Art Model 349,181.35,12,0.0,2176.2,0.0,2176.2,5,2024,2024-10,High
29,IN-2024-100029,2024-07-19,2024-07-21,Standard Class,CU-1029,Gopal Coleman,Corporate,United States,San Francisco,West,OFF-AP-2029,Office Supplies,Appliances,Appliances Model 915,1166.77,1,0.0,1166.77,0.0,1166.77,2,2024,2024-07,High
309,IN-2024-100309,2024-04-19,2024-04-26,Standard Class,CU-1039,Bella Khan,Home Office,United States,Chicago,Central,TEC-AC-2009,Technology,Accessories,Accessories Model 583,600.69,9,0.0,5406.21,0.0,5406.21,7,2024,2024-04,Premium
292,IN-2023-100292,2023-01-13,2023-01-20,Same Day,CU-1022,Lena Patel,Consumer,United States,Detroit,Central,TEC-CO-2052,Technology,Copiers,Copiers Model 253,182.1,10,0.15,1821.0,273.15,1547.85,7,2023,2023-01,High
219,IN-2023-100219,2023-04-19,2023-04-20,Second Class,CU-1039,Bella Blake,Unknown,United States,Atlanta,South,OFF-AR-2039,Office Supplies,Art,Art Model 556,452.07,8,0.3,3616.56,1084.97,2531.59,1,2023,2023-04,Premium
170,IN-2024-100170,2024-02-28,2024-03-02,Standard Class,CU-1080,Lena Khan,Home Office,United States,Philadelphia,East,FUR-BO-2050,Furniture,Bookcases,Bookcases Model 105,1157.6,3,0.1,3472.8,347.28,3125.52,3,2024,2024-02,Premium
280,IN-2023-100280,2023-06-21,2023-06-27,First Class,CU-1010,Bella Verma,Corporate,United States,New York City,East,OFF-ST-2040,Office Supplies,Storage,Storage Model 371,255.57,12,0.0,3066.84,0.0,3066.84,6,2023,2023-06,Premium
289,IN-2024-100289,2024-02-01,2024-02-08,Same Day,CU-1019,Ishan Rossi,Home Office,United States,Philadelphia,East,TEC-PH-2049,Technology,Phones,Phones Model 587,362.13,7,0.3,2534.91,760.47,1774.44,7,2024,2024-02,High
154,IN-2024-100154,2024-07-29,2024-07-30,Same Day,CU-1064,Farah Iyer,Consumer,United States,Newark,East,OFF-AP-2034,Office Supplies,Appliances,Appliances Model 560,301.26,2,0.0,602.52,0.0,602.52,1,2024,2024-07,Medium
295,IN-2023-100295,2023-01-21,2023-01-24,First Class,CU-1025,Nisha Blake,Corporate,United States,Jacksonville,South,OFF-ST-2055,Office Supplies,Storage,Storage Model 978,836.94,2,0.3,1673.88,502.16,1171.72,3,2023,2023-01,High
110,IN-2023-100110,2023-08-05,2023-08-12,First Class,CU-1020,Chris Blake,Corporate,United States,Unknown,West,FUR-TA-2050,Furniture,Tables,Tables Model 107,599.38,7,0.0,4195.66,0.0,4195.66,7,2023,2023-08,Premium
307,IN-2024-100307,2024-06-03,2024-06-06,Second Class,CU-1037,Nisha Coleman,Corporate,United States,Miami,South,TEC-AC-2007,Technology,Accessories,Accessories Model 582,157.89,5,0.2,789.45,157.89,631.56,3,2024,2024-06,Medium
73,IN-2024-100073,2024-05-11,2024-05-12,Second Class,CU-1073,Aaron Grant,Home Office,United States,Philadelphia,East,OFF-AR-2013,Office Supplies,Art,Art Model 418,663.25,9,0.1,5969.25,596.93,5372.32,1,2024,2024-05,Premium
137,IN-2023-100137,2023-10-20,2023-10-23,First Class,CU-1047,Nisha Sharma,Corporate,United States,Chicago,Central,FUR-CH-2017,Furniture,Chairs,Chairs Model 918,444.78,7,0.2,3113.46,622.69,2490.77,3,2023,2023-10,Premium
291,IN-2024-100291,2024-09-01,2024-09-04,Standard Class,CU-1021,Farah Verma,Consumer,United States,Jacksonville,South,FUR-CH-2051,Furniture,Chairs,Chairs Model 669,479.84,6,0.3,2879.04,863.71,2015.33,3,2024,2024-09,High
254,IN-2024-100254,2024-06-07,2024-06-10,Second Class,CU-1074,Aaron Khan,Corporate,United States,Seattle,West,OFF-AR-2014,Office Supplies,Art,Art Model 361,929.13,10,0.2,9291.3,1858.26,7433.04,3,2024,2024-06,Premium
305,IN-2024-100305,2024-06-13,2024-06-20,Same Day,CU-1035,Divya Sharma,Home Office,United States,Houston,Central,FUR-CH-2005,Furniture,Chairs,Chairs Model 797,172.22,1,0.2,172.22,34.44,137.78,7,2024,2024-06,Low
245,IN-2023-100245,2023-08-11,2023-08-12,Standard Class,CU-1065,Bella Coleman,Home Office,United States,Jacksonville,South,TEC-CO-2005,Technology,Copiers,Copiers Model 459,1156.08,6,0.3,6936.48,2080.94,4855.54,1,2023,2023-08,Premium
169,IN-2023-100169,2023-05-21,2023-05-22,Second Class,CU-1079,Julia Verma,Consumer,United States,Chicago,Central,TEC-AC-2049,Technology,Accessories,Accessories Model 785,1086.7,4,0.2,4346.8,869.36,3477.44,1,2023,2023-05,Premium
172,IN-2024-100172,2024-02-11,2024-02-18,First Class,CU-1082,Hina Coleman,Consumer,United States,Miami,South,FUR-BO-2052,Furniture,Bookcases,Bookcases Model 405,683.71,2,0.0,1367.42,0.0,1367.42,7,2024,2024-02,High
258,IN-2024-100258,2024-07-31,2024-08-07,Second Class,CU-1078,Ethan Verma,Corporate,United States,Unknown,Central,FUR-TA-2018,Furniture,Tables,Tables Model 705,1166.37,4,0.2,4665.48,933.1,3732.38,7,2024,2024-07,Premium
162,IN-2023-100162,2023-11-12,2023-11-19,Standard Class,CU-1072,Lena Verma,Home Office,United States,Phoenix,West,OFF-AP-2042,Office Supplies,Appliances,Appliances Model 371,1160.65,10,0.15,11606.5,1740.98,9865.52,7,2023,2023-11,Premium
150,IN-2024-100150,2024-09-21,2024-09-26,Second Class,CU-1060,Bella Sullivan,Home Office,United States,Dallas,Central,FUR-TA-2030,Furniture,Tables,Tables Model 275,792.19,12,0.15,9506.28,1425.94,8080.34,5,2024,2024-09,Premium
282,IN-2024-100282,2024-08-14,2024-08-20,Second Class,CU-1012,Manav Grant,Consumer,United States,Jacksonville,South,FUR-FU-2042,Furniture,Furnishings,Furnishings Model 175,960.04,1,0.0,960.04,0.0,960.04,6,2024,2024-08,Medium
215,IN-2023-100215,2023-11-30,2023-12-04,First Class,CU-1035,Ethan Rossi,Consumer,United States,Atlanta,South,TEC-MA-2035,Technology,Machines,Machines Model 706,600.69,3,0.2,1802.07,360.41,1441.66,4,2023,2023-11,High
116,IN-2024-100116,2024-11-28,2024-12-03,First Class,CU-1026,Karan Grant,Home Office,United States,Richmond,South,TEC-CO-2056,Technology,Copiers,Copiers Model 254,530.52,8,0.1,4244.16,424.42,3819.74,5,2024,2024-11,Premium
298,IN-2023-100298,2023-07-25,2023-08-01,Standard Class,CU-1028,Aaron Iyer,Corporate,United States,Los Angeles,West,FUR-CH-2058,Furniture,Chairs,Chairs Model 469,847.04,5,0.0,4235.2,0.0,4235.2,7,2023,2023-07,Premium
324,IN-2023-100311,2023-03-24,2023-03-28,Second Class,CU-1041,Farah Grant,Corporate,United States,Chicago,Central,TEC-MA-2011,Technology,Machines,Machines Model 104,545.2,4,0.3,2180.8,654.24,1526.56,4,2023,2023-03,High
118,IN-2024-100118,2024-04-18,2024-04-23,Standard Class,CU-1028,Ishan Verma,Corporate,United States,Seattle,West,TEC-CO-2058,Technology,Copiers,Copiers Model 429,727.98,9,0.0,6551.82,0.0,6551.82,5,2024,2024-04,Premium
49,IN-2024-100049,2024-04-26,2024-04-27,Standard Class,CU-1049,Lena Sullivan,Corporate,United States,Atlanta,South,OFF-BI-2049,Office Supplies,Binders,Binders Model 765,87.0,11,0.0,957.0,0.0,957.0,1,2024,2024-04,Medium
108,IN-2024-100108,2024-09-24,2024-09-25,First Class,CU-1018,Karan Mehta,Corporate,United States,Phoenix,West,FUR-CH-2048,Furniture,Chairs,Chairs Model 597,730.46,7,0.0,5113.22,0.0,5113.22,1,2024,2024-09,Premium
310,IN-2024-100310,2024-02-28,2024-02-29,Second Class,CU-1040,Nisha Coleman,Consumer,United States,Richmond,South,TEC-AC-2010,Technology,Accessories,Accessories Model 519,1184.69,8,0.0,9477.52,0.0,9477.52,1,2024,2024-02,Premium
278,IN-2024-100278,2024-01-23,2024-01-26,First Class,CU-1008,Lena Verma,Consumer,United States,Dallas,Central,FUR-CH-2038,Furniture,Chairs,Chairs Model 846,7.15,12,0.15,85.8,12.87,72.93,3,2024,2024-01,Low
83,IN-2024-100083,2024-04-15,2024-04-18,Same Day,CU-1083,Karan Sharma,Corporate,United States,Atlanta,South,TEC-AC-2023,Technology,Accessories,Accessories Model 175,532.87,6,0.15,3197.22,479.58,2717.64,3,2024,2024-04,Premium
156,IN-2024-100156,2024-05-24,2024-05-25,Same Day,CU-1066,Bella Rossi,Consumer,United States,Atlanta,South,OFF-ST-2036,Office Supplies,Storage,Storage Model 697,426.71,1,0.0,426.71,0.0,426.71,1,2024,2024-05,Medium
100,IN-2023-100100,2023-06-01,2023-06-02,First Class,CU-1010,Chris Blake,Corporate,United States,San Francisco,West,OFF-AP-2040,Office Supplies,Appliances,Appliances Model 564,609.13,6,0.0,3654.78,0.0,3654.78,1,2023,2023-06,Premium
96,IN-2023-100096,2023-10-11,2023-10-18,First Class,CU-1006,Chris Coleman,Consumer,United States,New York City,East,TEC-PH-2036,Technology,Phones,Phones Model 776,1040.41,3,0.0,3121.23,0.0,3121.23,7,2023,2023-10,Premium
191,IN-2024-100191,2024-07-29,2024-08-02,Second Class,CU-1011,Gopal Sullivan,Corporate,United States,Philadelphia,East,OFF-BI-2011,Office Supplies,Binders,Binders Model 361,247.99,6,0.0,1487.94,0.0,1487.94,4,2024,2024-07,High
68,IN-2024-100068,2024-03-24,2024-03-25,Same Day,CU-1068,Julia Sharma,Home Office,United States,Houston,Central,TEC-CO-2008,Technology,Copiers,Copiers Model 718,304.19,6,0.0,1825.14,0.0,1825.14,1,2024,2024-03,High
67,IN-2023-100067,2023-06-19,2023-06-26,First Class,CU-1067,Ethan Patel,Corporate,United States,New York City,East,FUR-BO-2007,Furniture,Bookcases,Bookcases Model 579,827.97,12,0.1,9935.64,993.56,8942.08,7,2023,2023-06,Premium
97,IN-2023-100097,2023-01-17,2023-01-19,Second Class,CU-1007,Ethan Sharma,Home Office,United States,Detroit,Central,FUR-TA-2037,Furniture,Tables,Tables Model 638,140.81,2,0.1,281.62,28.16,253.46,2,2023,2023-01,Medium
23,IN-2024-100023,2024-09-26,2024-09-27,First Class,CU-1023,Gopal Grant,Corporate,United States,Philadelphia,East,TEC-PH-2023,Technology,Phones,Phones Model 785,860.85,4,0.0,3443.4,0.0,3443.4,1,2024,2024-09,Premium
167,IN-2024-100167,2024-05-15,2024-05-18,First Class,CU-1077,Hina Nair,Corporate,United States,Chicago,Central,TEC-MA-2047,Technology,Machines,Machines Model 687,813.56,6,0.1,4881.36,488.14,4393.22,3,2024,2024-05,Premium
125,IN-2023-100125,2023-02-14,2023-02-18,Second Class,CU-1035,Farah Grant,Corporate,United States,Newark,East,TEC-CO-2005,Technology,Copiers,Copiers Model 870,899.5,8,0.0,7196.0,0.0,7196.0,4,2023,2023-02,Premium
193,IN-2024-100193,2024-05-05,2024-05-07,First Class,CU-1013,Nisha Nair,Consumer,United States,Seattle,West,FUR-CH-2013,Furniture,Chairs,Chairs Model 294,1154.68,2,0.2,2309.36,461.87,1847.49,2,2024,2024-05,High
270,IN-2024-100270,2024-05-25,2024-05-29,Standard Class,CU-1000,Ishan Khan,Consumer,United States,Unknown,East,TEC-AC-2030,Technology,Accessories,Accessories Model 492,169.0,4,0.2,676.0,135.2,540.8,4,2024,2024-05,Medium
102,IN-2024-100102,2024-01-19,2024-01-21,Standard Class,CU-1012,Karan Khan,Consumer,United States,Chicago,Central,TEC-AC-2042,Technology,Accessories,Accessories Model 195,521.09,12,0.2,6253.08,1250.62,5002.46,2,2024,2024-01,Premium
160,IN-2023-100160,2023-12-08,2023-12-15,Same Day,CU-1070,Hina Sullivan,Consumer,United States,Seattle,West,FUR-CH-2040,Furniture,Chairs,Chairs Model 435,1117.99,6,0.0,6707.94,0.0,6707.94,7,2023,2023-12,Premium
268,IN-2023-100268,2023-05-06,2023-05-07,Second Class,CU-1088,Hina Sharma,Home Office,United States,Boston,East,FUR-TA-2028,Furniture,Tables,Tables Model 941,870.69,8,0.0,6965.52,0.0,6965.52,1,2023,2023-05,Premium
145,IN-2024-100145,2024-11-14,2024-11-17,First Class,CU-1055,Lena Mehta,Corporate,United States,Atlanta,South,FUR-TA-2025,Furniture,Tables,Tables Model 828,852.93,12,0.2,10235.16,2047.03,8188.13,3,2024,2024-11,Premium
300,IN-2023-100300,2023-09-22,2023-09-28,Standard Class,CU-1030,Nisha Verma,Corporate,United States,Chicago,Central,OFF-PA-2000,Office Supplies,Paper,Paper Model 495,64.33,10,0.3,643.3,192.99,450.31,6,2023,2023-09,Medium
210,IN-2024-100210,2024-07-21,2024-07-22,First Class,CU-1030,Julia Patel,Corporate,United States,Los Angeles,West,FUR-TA-2030,Furniture,Tables,Tables Model 398,499.5,2,0.2,999.0,199.8,799.2,1,2024,2024-07,Medium
31,IN-2024-100031,2024-02-26,2024-03-04,Second Class,CU-1031,Karan Verma,Corporate,United States,Seattle,West,FUR-TA-2031,Furniture,Tables,Tables Model 906,843.03,7,0.3,5901.21,1770.36,4130.85,7,2024,2024-02,Premium
243,IN-2023-100243,2023-08-23,2023-08-27,Standard Class,CU-1063,Bella Verma,Consumer,United States,Newark,East,OFF-BI-2003,Office Supplies,Binders,Binders Model 476,600.69,3,0.1,1802.07,180.21,1621.86,4,2023,2023-08,High
13,IN-2023-100013,2023-09-04,2023-09-09,Same Day,CU-1013,Bella Mehta,Consumer,United States,Dallas,Central,FUR-BO-2013,Furniture,Bookcases,Bookcases Model 231,793.4,9,0.0,7140.6,0.0,7140.6,5,2023,2023-09,Premium
91,IN-2024-100091,2024-10-12,2024-10-19,First Class,CU-1001,Hina Verma,Home Office,United States,Boston,East,TEC-PH-2031,Technology,Phones,Phones Model 219,600.69,1,0.0,600.69,0.0,600.69,7,2024,2024-10,Medium
42,IN-2024-100042,2024-03-29,2024-04-03,Same Day,CU-1042,Nisha Verma,Home Office,United States,Jacksonville,South,TEC-AC-2042,Technology,Accessories,Accessories Model 262,893.67,8,0.1,7149.36,714.94,6434.42,5,2024,2024-03,Premium
209,IN-2023-100209,2023-10-04,2023-10-05,Second Class,CU-1029,Chris Mehta,Corporate,United States,Detroit,Central,OFF-ST-2029,Office Supplies,Storage,Storage Model 670,667.91,7,0.0,4675.37,0.0,4675.37,1,2023,2023-10,Premium
234,IN-2023-100234,2023-11-28,2023-12-04,First Class,CU-1054,Ethan Blake,Home Office,United States,Chicago,Central,TEC-MA-2054,Technology,Machines,Machines Model 238,1155.51,7,0.0,8088.57,0.0,8088.57,6,2023,2023-11,Premium
313,IN-2024-100313,2024-06-30,2024-07-02,Standard Class,CU-1043,Lena Nair,Corporate,United States,Atlanta,South,FUR-BO-2013,Furniture,Bookcases,Bookcases Model 118,813.71,6,0.2,4882.26,976.45,3905.81,2,2024,2024-06,Premium
54,IN-2024-100054,2024-03-21,2024-03-23,First Class,CU-1054,Lena Sullivan,Home Office,United States,Jacksonville,South,TEC-MA-2054,Technology,Machines,Machines Model 576,525.51,12,0.15,6306.12,945.92,5360.2,2,2024,2024-03,Premium
179,IN-2024-100179,2024-06-22,2024-06-26,First Class,CU-1089,Ishan Verma,Consumer,United States,New York City,East,FUR-BO-2059,Furniture,Bookcases,Bookcases Model 163,995.38,9,0.0,8958.42,0.0,8958.42,4,2024,2024-06,Premium
276,IN-2023-100276,2023-11-28,2023-11-29,Second Class,CU-1006,Aaron Coleman,Consumer,United States,Newark,East,OFF-PA-2036,Office Supplies,Paper,Paper Model 174,600.69,11,0.1,6607.59,660.76,5946.83,1,2023,2023-11,Premium
52,IN-2023-100052,2023-03-19,2023-03-24,Second Class,CU-1052,Lena Grant,Consumer,United States,Richmond,South,OFF-PA-2052,Office Supplies,Paper,Paper Model 970,822.69,2,0.3,1645.38,493.61,1151.77,5,2023,2023-03,High
15,IN-2023-100015,2023-05-04,2023-05-06,First Class,CU-1015,Divya Mehta,Consumer,United States,Atlanta,South,TEC-CO-2015,Technology,Copiers,Copiers Model 702,268.16,2,0.2,536.32,107.26,429.06,2,2023,2023-05,Medium
281,IN-2023-100281,2023-01-02,2023-01-03,Same Day,CU-1011,Gopal Khan,Consumer,United States,Detroit,Central,OFF-BI-2041,Office Supplies,Binders,Binders Model 604,1058.72,6,0.15,6352.32,952.85,5399.47,1,2023,2023-01,Premium
4,IN-2024-100004,2024-07-03,2024-07-04,First Class,CU-1004,Gopal Mehta,Home Office,United States,Houston,Central,FUR-FU-2004,Furniture,Furnishings,Furnishings Model 691,234.78,2,0.0,469.56,0.0,469.56,1,2024,2024-07,Medium
24,IN-2024-100024,2024-04-13,2024-04-16,Standard Class,CU-1024,Manav Mehta,Corporate,United States,Miami,South,FUR-TA-2024,Furniture,Tables,Tables Model 175,647.47,9,0.0,5827.23,0.0,5827.23,3,2024,2024-04,Premium
129,IN-2023-100129,2023-08-30,2023-09-03,Second Class,CU-1039,Bella Nair,Consumer,United States,Richmond,South,TEC-AC-2009,Technology,Accessories,Accessories Model 201,1007.82,6,0.0,6046.92,0.0,6046.92,4,2023,2023-08,Premium
166,IN-2024-100166,2024-09-16,2024-09-20,First Class,CU-1076,Divya Iyer,Home Office,United States,Houston,Central,TEC-AC-2046,Technology,Accessories,Accessories Model 330,1130.08,5,0.3,5650.4,1695.12,3955.28,4,2024,2024-09,Premium
202,IN-2023-100202,2023-08-20,2023-08-23,Standard Class,CU-1022,Karan Mehta,Consumer,United States,Jacksonville,South,TEC-MA-2022,Technology,Machines,Machines Model 488,455.72,8,0.0,3645.76,0.0,3645.76,3,2023,2023-08,Premium
46,IN-2024-100046,2024-07-13,2024-07-20,Same Day,CU-1046,Julia Iyer,Unknown,United States,Richmond,South,OFF-AP-2046,Office Supplies,Appliances,Appliances Model 546,585.34,7,0.0,4097.38,0.0,4097.38,7,2024,2024-07,Premium
236,IN-2023-100236,2023-03-19,2023-03-25,Same Day,CU-1056,Manav Mehta,Home Office,United States,Richmond,South,OFF-AR-2056,Office Supplies,Art,Art Model 811,1123.92,6,0.1,6743.52,674.35,6069.17,6,2023,2023-03,Premium
238,IN-2023-100238,2023-08-12,2023-08-16,Same Day,CU-1058,Nisha Iyer,Corporate,United States,San Francisco,West,TEC-CO-2058,Technology,Copiers,Copiers Model 948,343.89,9,0.15,3095.01,464.25,2630.76,4,2023,2023-08,Premium
43,IN-2024-100043,2024-06-17,2024-06-21,First Class,CU-1043,Karan Iyer,Corporate,United States,Chicago,Central,FUR-TA-2043,Furniture,Tables,Tables Model 830,346.45,5,0.0,1732.25,0.0,1732.25,4,2024,2024-06,High
233,IN-2024-100233,2024-09-16,2024-09-22,Second Class,CU-1053,Gopal Coleman,Consumer,United States,Philadelphia,East,FUR-TA-2053,Furniture,Tables,Tables Model 924,75.93,6,0.15,455.58,68.34,387.24,6,2024,2024-09,Medium
80,IN-2024-100080,2024-07-08,2024-07-09,Second Class,CU-1080,Julia Mehta,Home Office,United States,Richmond,South,OFF-AR-2020,Office Supplies,Art,Art Model 332,897.39,7,0.0,6281.73,0.0,6281.73,1,2024,2024-07,Premium
186,IN-2023-100186,2023-04-26,2023-04-27,Same Day,CU-1006,Manav Grant,Home Office,United States,New York City,East,OFF-PA-2006,Office Supplies,Paper,Paper Model 346,251.27,2,0.15,502.54,75.38,427.16,1,2023,2023-04,Medium
221,IN-2023-100221,2023-12-23,2023-12-27,Same Day,CU-1041,Bella Khan,Corporate,United States,New York City,East,TEC-CO-2041,Technology,Copiers,Copiers Model 407,58.4,12,0.0,700.8,0.0,700.8,4,2023,2023-12,Medium
269,IN-2023-100269,2023-06-26,2023-06-29,First Class,CU-1089,Divya Coleman,Corporate,United States,Jacksonville,South,TEC-CO-2029,Technology,Copiers,Copiers Model 252,46.41,10,0.15,464.1,69.61,394.49,3,2023,2023-06,Medium
113,IN-2023-100113,2023-04-01,2023-04-05,Second Class,CU-1023,Nisha Mehta,Corporate,United States,Jacksonville,South,TEC-AC-2053,Technology,Accessories,Accessories Model 636,98.98,5,0.2,494.9,98.98,395.92,4,2023,2023-04,Medium
12,IN-2023-100012,2023-06-06,2023-06-09,Standard Class,CU-1012,Manav Coleman,Home Office,United States,Houston,Central,TEC-MA-2012,Technology,Machines,Machines Model 600,28.27,6,0.3,169.62,50.89,118.73,3,2023,2023-06,Low
151,IN-2023-100151,2023-01-30,2023-01-31,First Class,CU-1061,Aaron Grant,Home Office,United States,Dallas,Central,TEC-PH-2031,Technology,Phones,Phones Model 885,688.7,10,0.2,6887.0,1377.4,5509.6,1,2023,2023-01,Premium
235,IN-2023-100235,2023-05-16,2023-05-18,First Class,CU-1055,Chris Verma,Consumer,United States,Detroit,Central,TEC-MA-2055,Technology,Machines,Machines Model 601,174.9,11,0.0,1923.9,0.0,1923.9,2,2023,2023-05,High
86,IN-2023-100086,2023-08-13,2023-08-19,First Class,CU-1086,Divya Patel,Home Office,United States,Philadelphia,East,TEC-AC-2026,Technology,Accessories,Accessories Model 743,600.69,11,0.2,6607.59,1321.52,5286.07,6,2023,2023-08,Premium
247,IN-2023-100247,2023-10-30,2023-11-05,Same Day,CU-1067,Aaron Iyer,Corporate,United States,New York City,East,TEC-CO-2007,Technology,Copiers,Copiers Model 346,602.0,10,0.0,6020.0,0.0,6020.0,6,2023,2023-10,Premium
135,IN-2023-100135,2023-12-13,2023-12-20,Same Day,CU-1045,Karan Coleman,Home Office,United States,Phoenix,West,OFF-AP-2015,Office Supplies,Appliances,Appliances Model 746,222.82,3,0.0,668.46,0.0,668.46,7,2023,2023-12,Medium
144,IN-2023-100144,2023-08-08,2023-08-13,Same Day,CU-1054,Ethan Verma,Consumer,United States,Chicago,Central,OFF-AR-2024,Office Supplies,Art,Art Model 238,1024.13,8,0.0,8193.04,0.0,8193.04,5,2023,2023-08,Premium
272,IN-2023-100272,2023-01-27,2023-01-30,Standard Class,CU-1002,Julia Iyer,Unknown,United States,Miami,South,OFF-PA-2032,Office Supplies,Paper,Paper Model 928,1189.88,9,0.0,10708.92,0.0,10708.92,3,2023,2023-01,Premium
183,IN-2023-100183,2023-07-04,2023-07-11,Same Day,CU-1003,Chris Grant,Corporate,United States,Phoenix,West,OFF-AR-2003,Office Supplies,Art,Art Model 559,1044.2,7,0.1,7309.4,730.94,6578.46,7,2023,2023-07,Premium
301,IN-2024-100301,2024-11-24,2024-11-26,Same Day,CU-1031,Ethan Grant,Home Office,United States,New York City,East,FUR-CH-2001,Furniture,Chairs,Chairs Model 985,937.46,11,0.0,10312.06,0.0,10312.06,2,2024,2024-11,Premium
5,IN-2023-100005,2023-08-27,2023-09-03,First Class,CU-1005,Bella Rossi,Corporate,United States,Newark,East,OFF-BI-2005,Office Supplies,Binders,Binders Model 266,447.37,4,0.2,1789.48,357.9,1431.58,7,2023,2023-08,High
134,IN-2023-100134,2023-01-17,2023-01-20,First Class,CU-1044,Manav Mehta,Unknown,United States,Miami,South,OFF-ST-2014,Office Supplies,Storage,Storage Model 890,700.37,6,0.0,4202.22,0.0,4202.22,3,2023,2023-01,Premium
45,IN-2023-100045,2023-07-31,2023-08-07,Standard Class,CU-1045,Gopal Rossi,Home Office,United States,Jacksonville,South,OFF-BI-2045,Office Supplies,Binders,Binders Model 588,12.05,6,0.0,72.3,0.0,72.3,7,2023,2023-07,Low
290,IN-2023-100290,2023-05-04,2023-05-11,Second Class,CU-1020,Hina Coleman,Consumer,United States,Seattle,West,TEC-MA-2050,Technology,Machines,Machines Model 229,56.0,2,0.2,112.0,22.4,89.6,7,2023,2023-05,Low
285,IN-2023-100285,2023-11-01,2023-11-03,Same Day,CU-1015,Bella Sharma,Unknown,United States,Unknown,Central,TEC-AC-2045,Technology,Accessories,Accessories Model 257,70.13,1,0.1,70.13,7.01,63.12,2,2023,2023-11,Low
204,IN-2023-100204,2023-03-18,2023-03-24,Standard Class,CU-1024,Ethan Sullivan,Consumer,United States,Richmond,South,OFF-BI-2024,Office Supplies,Binders,Binders Model 116,1153.96,10,0.0,11539.6,0.0,11539.6,6,2023,2023-03,Premium
136,IN-2023-100136,2023-07-26,2023-07-27,Standard Class,CU-1046,Manav Iyer,Corporate,United States,Richmond,South,FUR-TA-2016,Furniture,Tables,Tables Model 627,480.88,9,0.1,4327.92,432.79,3895.13,1,2023,2023-07,Premium
146,IN-2023-100146,2023-08-18,2023-08-19,Second Class,CU-1056,Divya Coleman,Corporate,United States,New York City,East,OFF-AP-2026,Office Supplies,Appliances,Appliances Model 469,667.06,6,0.1,4002.36,400.24,3602.12,1,2023,2023-08,Premium
72,IN-2023-100072,2023-07-12,2023-07-17,Same Day,CU-1072,Farah Patel,Home Office,United States,Jacksonville,South,OFF-BI-2012,Office Supplies,Binders,Binders Model 878,66.68,5,0.15,333.4,50.01,283.39,5,2023,2023-07,Medium
119,IN-2023-100119,2023-12-18,2023-12-24,Second Class,CU-1029,Bella Sullivan,Consumer,United States,Seattle,West,OFF-BI-2059,Office Supplies,Binders,Binders Model 824,528.12,8,0.15,4224.96,633.74,3591.22,6,2023,2023-12,Premium
312,IN-2024-100312,2024-05-16,2024-05-23,Second Class,CU-1042,Manav Mehta,Home Office,United States,Boston,East,TEC-MA-2012,Technology,Machines,Machines Model 748,518.14,7,0.1,3626.98,362.7,3264.28,7,2024,2024-05,Premium
328,IN-2024-100197,2024-11-01,2024-11-07,Same Day,CU-1017,Farah Blake,Home Office,United States,Boston,East,OFF-AP-2017,Office Supplies,Appliances,Appliances Model 571,206.04,6,0.0,1236.24,0.0,1236.24,6,2024,2024-11,High
217,IN-2024-100217,2024-01-22,2024-01-23,Same Day,CU-1037,Hina Patel,Home Office,United States,Boston,East,TEC-CO-2037,Technology,Copiers,Copiers Model 647,610.4,12,0.1,7324.8,732.48,6592.32,1,2024,2024-01,Premium
75,IN-2024-100075,2024-04-12,2024-04-17,Second Class,CU-1075,Chris Rossi,Home Office,United States,Atlanta,South,OFF-PA-2015,Office Supplies,Paper,Paper Model 984,88.42,7,0.0,618.94,0.0,618.94,5,2024,2024-04,Medium
325,IN-2023-100099,2023-03-04,2023-03-08,Same Day,CU-1009,Nisha Rossi,Home Office,United States,Chicago,Central,OFF-BI-2039,Office Supplies,Binders,Binders Model 602,856.32,6,0.0,5137.92,0.0,5137.92,4,2023,2023-03,Premium
249,IN-2023-100249,2023-08-09,2023-08-10,First Class,CU-1069,Aaron Rossi,Home Office,United States,Phoenix,West,FUR-TA-2009,Furniture,Tables,Tables Model 533,843.66,2,0.2,1687.32,337.46,1349.86,1,2023,2023-08,High
94,IN-2023-100094,2023-03-04,2023-03-08,Standard Class,CU-1004,Ethan Iyer,Corporate,United States,Chicago,Central,TEC-AC-2034,Technology,Accessories,Accessories Model 778,600.69,11,0.15,6607.59,991.14,5616.45,4,2023,2023-03,Premium
19,IN-2023-100019,2023-03-19,2023-03-23,Standard Class,CU-1019,Manav Sullivan,Unknown,United States,Chicago,Central,OFF-PA-2019,Office Supplies,Paper,Paper Model 195,1112.01,4,0.0,4448.04,0.0,4448.04,4,2023,2023-03,Premium
284,IN-2024-100284,2024-03-17,2024-03-23,Same Day,CU-1014,Chris Patel,Consumer,United States,Miami,South,TEC-PH-2044,Technology,Phones,Phones Model 203,400.66,4,0.1,1602.64,160.26,1442.38,6,2024,2024-03,High
293,IN-2023-100293,2023-10-20,2023-10-27,Same Day,CU-1023,Ishan Nair,Corporate,United States,Phoenix,West,FUR-BO-2053,Furniture,Bookcases,Bookcases Model 770,585.27,10,0.1,5852.7,585.27,5267.43,7,2023,2023-10,Premium
314,IN-2023-100314,2023-11-16,2023-11-18,First Class,CU-1044,Bella Rossi,Consumer,United States,New York City,East,FUR-TA-2014,Furniture,Tables,Tables Model 943,59.63,5,0.1,298.15,29.82,268.33,2,2023,2023-11,Medium
32,IN-2023-100032,2023-07-24,2023-07-31,First Class,CU-1032,Hina Nair,Consumer,United States,Seattle,West,OFF-PA-2032,Office Supplies,Paper,Paper Model 124,793.74,7,0.0,5556.18,0.0,5556.18,7,2023,2023-07,Premium
141,IN-2024-100141,2024-11-26,2024-11-28,Same Day,CU-1051,Aaron Coleman,Consumer,United States,Atlanta,South,OFF-AP-2021,Office Supplies,Appliances,Appliances Model 168,287.01,11,0.0,3157.11,0.0,3157.11,2,2024,2024-11,Premium
90,IN-2024-100090,2024-08-21,2024-08-25,First Class,CU-1000,Nisha Grant,Consumer,United States,Dallas,Central,TEC-AC-2030,Technology,Accessories,Accessories Model 582,34.9,9,0.0,314.1,0.0,314.1,4,2024,2024-08,Medium
159,IN-2024-100159,2024-02-08,2024-02-11,First Class,CU-1069,Manav Nair,Consumer,United States,Seattle,West,FUR-BO-2039,Furniture,Bookcases,Bookcases Model 716,613.4,9,0.0,5520.6,0.0,5520.6,3,2024,2024-02,Premium
287,IN-2024-100287,2024-11-07,2024-11-10,Same Day,CU-1017,Bella Grant,Consumer,United States,Richmond,South,OFF-AR-2047,Office Supplies,Art,Art Model 490,600.69,8,0.0,4805.52,0.0,4805.52,3,2024,2024-11,Premium
142,IN-2023-100142,2023-02-03,2023-02-08,Same Day,CU-1052,Chris Grant,Corporate,United States,Houston,Central,OFF-AP-2022,Office Supplies,Appliances,Appliances Model 554,916.89,10,0.0,9168.9,0.0,9168.9,5,2023,2023-02,Premium
244,IN-2023-100244,2023-03-12,2023-03-17,Second Class,CU-1064,Julia Sharma,Corporate,United States,Newark,East,TEC-MA-2004,Technology,Machines,Machines Model 839,259.6,12,0.0,3115.2,0.0,3115.2,5,2023,2023-03,Premium
14,IN-2023-100014,2023-08-05,2023-08-10,Second Class,CU-1014,Manav Verma,Home Office,United States,Houston,Central,TEC-CO-2014,Technology,Copiers,Copiers Model 508,1194.2,11,0.0,13136.2,0.0,13136.2,5,2023,2023-08,Premium
78,IN-2024-100078,2024-05-22,2024-05-23,First Class,CU-1078,Chris Sullivan,Consumer,United States,Jacksonville,South,OFF-PA-2018,Office Supplies,Paper,Paper Model 202,633.51,8,0.0,5068.08,0.0,5068.08,1,2024,2024-05,Premium
180,IN-2024-100180,2024-06-16,2024-06-20,Second Class,CU-1000,Bella Grant,Home Office,United States,Boston,East,FUR-TA-2000,Furniture,Tables,Tables Model 193,1079.17,8,0.3,8633.36,2590.01,6043.35,4,2024,2024-06,Premium
178,IN-2024-100178,2024-05-04,2024-05-06,First Class,CU-1088,Hina Verma,Corporate,United States,Boston,East,FUR-CH-2058,Furniture,Chairs,Chairs Model 875,647.33,11,0.3,7120.63,2136.19,4984.44,2,2024,2024-05,Premium
201,IN-2023-100201,2023-09-04,2023-09-06,First Class,CU-1021,Julia Sullivan,Corporate,United States,San Francisco,West,TEC-MA-2021,Technology,Machines,Machines Model 914,479.29,6,0.1,2875.74,287.57,2588.17,2,2023,2023-09,High
34,IN-2024-100034,2024-09-02,2024-09-06,First Class,CU-1034,Farah Verma,Corporate,United States,Chicago,Central,FUR-BO-2034,Furniture,Bookcases,Bookcases Model 494,1079.91,4,0.0,4319.64,0.0,4319.64,4,2024,2024-09,Premium
63,IN-2024-100063,2024-07-25,2024-08-01,Second Class,CU-1063,Gopal Patel,Home Office,United States,Phoenix,West,FUR-BO-2003,Furniture,Bookcases,Bookcases Model 561,1090.66,5,0.3,5453.3,1635.99,3817.31,7,2024,2024-07,Premium
123,IN-2023-100123,2023-07-04,2023-07-06,Second Class,CU-1033,Farah Khan,Consumer,United States,Unknown,West,OFF-ST-2003,Office Supplies,Storage,Storage Model 258,97.21,2,0.15,194.42,29.16,165.26,2,2023,2023-07,Low
55,IN-2023-100055,2023-03-30,2023-04-02,Same Day,CU-1055,Hina Iyer,Home Office,United States,Detroit,Central,OFF-PA-2055,Office Supplies,Paper,Paper Model 444,39.3,6,0.0,235.8,0.0,235.8,3,2023,2023-03,Low
240,IN-2023-100240,2023-07-27,2023-08-02,First Class,CU-1060,Chris Grant,Consumer,United States,Richmond,South,FUR-FU-2000,Furniture,Furnishings,Furnishings Model 195,787.23,5,0.0,3936.15,0.0,3936.15,6,2023,2023-07,Premium
17,IN-2024-100017,2024-02-21,2024-02-23,Same Day,CU-1017,Bella Mehta,Corporate,United States,Jacksonville,South,FUR-FU-2017,Furniture,Furnishings,Furnishings Model 520,563.09,12,0.0,6757.08,0.0,6757.08,2,2024,2024-02,Premium
41,IN-2023-100041,2023-06-30,2023-07-07,Same Day,CU-1041,Lena Sullivan,Consumer,United States,Seattle,West,OFF-PA-2041,Office Supplies,Paper,Paper Model 968,150.02,3,0.3,450.06,135.02,315.04,7,2023,2023-06,Medium
257,IN-2024-100257,2024-06-12,2024-06-13,Same Day,CU-1077,Gopal Mehta,Corporate,United States,San Francisco,West,FUR-CH-2017,Furniture,Chairs,Chairs Model 435,108.23,8,0.0,865.84,0.0,865.84,1,2024,2024-06,Medium
74,IN-2024-100074,2024-04-17,2024-04-18,Same Day,CU-1074,Karan Coleman,Home Office,United States,Unknown,West,FUR-BO-2014,Furniture,Bookcases,Bookcases Model 621,847.97,7,0.3,5935.79,1780.74,4155.05,1,2024,2024-04,Premium
9,IN-2024-100009,2024-01-06,2024-01-08,Same Day,CU-1009,Chris Sullivan,Consumer,United States,Miami,South,TEC-CO-2009,Technology,Copiers,Copiers Model 981,136.03,11,0.0,1496.33,0.0,1496.33,2,2024,2024-01,High
222,IN-2024-100222,2024-11-24,2024-12-01,Second Class,CU-1042,Chris Verma,Home Office,United States,Seattle,West,OFF-BI-2042,Office Supplies,Binders,Binders Model 665,196.36,9,0.1,1767.24,176.72,1590.52,7,2024,2024-11,High
157,IN-2023-100157,2023-10-20,2023-10-25,Same Day,CU-1067,Aaron Mehta,Consumer,United States,Richmond,South,TEC-CO-2037,Technology,Copiers,Copiers Model 844,442.1,7,0.0,3094.7,0.0,3094.7,5,2023,2023-10,Premium
124,IN-2024-100124,2024-09-24,2024-09-26,Second Class,CU-1034,Julia Rossi,Consumer,United States,Seattle,West,TEC-AC-2004,Technology,Accessories,Accessories Model 951,600.69,10,0.3,6006.9,1802.07,4204.83,2,2024,2024-09,Premium
16,IN-2023-100016,2023-02-02,2023-02-09,Second Class,CU-1016,Farah Mehta,Corporate,United States,Phoenix,West,FUR-BO-2016,Furniture,Bookcases,Bookcases Model 319,649.38,12,0.15,7792.56,1168.88,6623.68,7,2023,2023-02,Premium
126,IN-2023-100126,2023-07-18,2023-07-21,Same Day,CU-1036,Karan Patel,Corporate,United States,Newark,East,OFF-AR-2006,Office Supplies,Art,Art Model 896,461.34,9,0.1,4152.06,415.21,3736.85,3,2023,2023-07,Premium
266,IN-2023-100266,2023-04-15,2023-04-22,Standard Class,CU-1086,Manav Coleman,Consumer,United States,New York City,East,FUR-FU-2026,Furniture,Furnishings,Furnishings Model 950,938.25,4,0.0,3753.0,0.0,3753.0,7,2023,2023-04,Premium
